Zone,Gender,Year,Code,AgeGroup,Pop
23168,Female,1985,23,0-4,846
23168,Female,1985,23,10-14,648
23168,Female,1985,23,15-19,633
23168,Female,1985,23,20-24,572
23168,Female,1985,23,25-29,459
23168,Female,1985,23,30-34,359
23168,Female,1985,23,35-39,280
23168,Female,1985,23,40-44,198
23168,Female,1985,23,45-49,190
23168,Female,1985,23,5-9,753
23168,Female,1985,23,50-54,155
23168,Female,1985,23,55-59,121
23168,Female,1985,23,60-64,99
23168,Female,1985,23,65-69,73
23168,Female,1985,23,70-74,43
23168,Female,1985,23,75-79,30
23168,Female,1985,23,80-above,13
23168,Female,1986,23,0-4,860
23168,Female,1986,23,10-14,663
23168,Female,1986,23,15-19,645
23168,Female,1986,23,20-24,590
23168,Female,1986,23,25-29,476
23168,Female,1986,23,30-34,374
23168,Female,1986,23,35-39,292
23168,Female,1986,23,40-44,203
23168,Female,1986,23,45-49,188
23168,Female,1986,23,5-9,770
23168,Female,1986,23,50-54,158
23168,Female,1986,23,55-59,121
23168,Female,1986,23,60-64,99
23168,Female,1986,23,65-69,77
23168,Female,1986,23,70-74,44
23168,Female,1986,23,75-79,29
23168,Female,1986,23,80-above,15
23168,Female,1987,23,0-4,881
23168,Female,1987,23,10-14,681
23168,Female,1987,23,15-19,649
23168,Female,1987,23,20-24,607
23168,Female,1987,23,25-29,491
23168,Female,1987,23,30-34,389
23168,Female,1987,23,35-39,302
23168,Female,1987,23,40-44,211
23168,Female,1987,23,45-49,185
23168,Female,1987,23,5-9,782
23168,Female,1987,23,50-54,159
23168,Female,1987,23,55-59,121
23168,Female,1987,23,60-64,98
23168,Female,1987,23,65-69,79
23168,Female,1987,23,70-74,49
23168,Female,1987,23,75-79,29
23168,Female,1987,23,80-above,16
23168,Female,1988,23,0-4,898
23168,Female,1988,23,10-14,699
23168,Female,1988,23,15-19,651
23168,Female,1988,23,20-24,621
23168,Female,1988,23,25-29,504
23168,Female,1988,23,30-34,403
23168,Female,1988,23,35-39,311
23168,Female,1988,23,40-44,220
23168,Female,1988,23,45-49,180
23168,Female,1988,23,5-9,793
23168,Female,1988,23,50-54,160
23168,Female,1988,23,55-59,122
23168,Female,1988,23,60-64,100
23168,Female,1988,23,65-69,81
23168,Female,1988,23,70-74,52
23168,Female,1988,23,75-79,30
23168,Female,1988,23,80-above,18
23168,Female,1989,23,0-4,926
23168,Female,1989,23,10-14,715
23168,Female,1989,23,15-19,651
23168,Female,1989,23,20-24,633
23168,Female,1989,23,25-29,513
23168,Female,1989,23,30-34,413
23168,Female,1989,23,35-39,318
23168,Female,1989,23,40-44,228
23168,Female,1989,23,45-49,178
23168,Female,1989,23,5-9,800
23168,Female,1989,23,50-54,160
23168,Female,1989,23,55-59,121
23168,Female,1989,23,60-64,100
23168,Female,1989,23,65-69,81
23168,Female,1989,23,70-74,55
23168,Female,1989,23,75-79,34
23168,Female,1989,23,80-above,21
23168,Female,1990,23,0-4,942
23168,Female,1990,23,10-14,729
23168,Female,1990,23,15-19,652
23168,Female,1990,23,20-24,635
23168,Female,1990,23,25-29,524
23168,Female,1990,23,30-34,423
23168,Female,1990,23,35-39,326
23168,Female,1990,23,40-44,236
23168,Female,1990,23,45-49,178
23168,Female,1990,23,5-9,811
23168,Female,1990,23,50-54,158
23168,Female,1990,23,55-59,122
23168,Female,1990,23,60-64,100
23168,Female,1990,23,65-69,84
23168,Female,1990,23,70-74,58
23168,Female,1990,23,75-79,39
23168,Female,1990,23,80-above,23
23168,Female,1991,23,0-4,952
23168,Female,1991,23,10-14,738
23168,Female,1991,23,15-19,653
23168,Female,1991,23,20-24,633
23168,Female,1991,23,25-29,534
23168,Female,1991,23,30-34,431
23168,Female,1991,23,35-39,334
23168,Female,1991,23,40-44,243
23168,Female,1991,23,45-49,181
23168,Female,1991,23,5-9,822
23168,Female,1991,23,50-54,156
23168,Female,1991,23,55-59,122
23168,Female,1991,23,60-64,102
23168,Female,1991,23,65-69,86
23168,Female,1991,23,70-74,58
23168,Female,1991,23,75-79,41
23168,Female,1991,23,80-above,27
23168,Female,1992,23,0-4,955
23168,Female,1992,23,10-14,744
23168,Female,1992,23,15-19,658
23168,Female,1992,23,20-24,624
23168,Female,1992,23,25-29,544
23168,Female,1992,23,30-34,438
23168,Female,1992,23,35-39,342
23168,Female,1992,23,40-44,249
23168,Female,1992,23,45-49,186
23168,Female,1992,23,5-9,833
23168,Female,1992,23,50-54,155
23168,Female,1992,23,55-59,125
23168,Female,1992,23,60-64,104
23168,Female,1992,23,65-69,89
23168,Female,1992,23,70-74,62
23168,Female,1992,23,75-79,45
23168,Female,1992,23,80-above,31
23168,Female,1993,23,0-4,956
23168,Female,1993,23,10-14,748
23168,Female,1993,23,15-19,662
23168,Female,1993,23,20-24,612
23168,Female,1993,23,25-29,551
23168,Female,1993,23,30-34,443
23168,Female,1993,23,35-39,349
23168,Female,1993,23,40-44,254
23168,Female,1993,23,45-49,194
23168,Female,1993,23,5-9,839
23168,Female,1993,23,50-54,153
23168,Female,1993,23,55-59,128
23168,Female,1993,23,60-64,107
23168,Female,1993,23,65-69,91
23168,Female,1993,23,70-74,66
23168,Female,1993,23,75-79,48
23168,Female,1993,23,80-above,35
23168,Female,1994,23,0-4,951
23168,Female,1994,23,10-14,750
23168,Female,1994,23,15-19,662
23168,Female,1994,23,20-24,600
23168,Female,1994,23,25-29,555
23168,Female,1994,23,30-34,447
23168,Female,1994,23,35-39,360
23168,Female,1994,23,40-44,259
23168,Female,1994,23,45-49,204
23168,Female,1994,23,5-9,836
23168,Female,1994,23,50-54,155
23168,Female,1994,23,55-59,131
23168,Female,1994,23,60-64,111
23168,Female,1994,23,65-69,94
23168,Female,1994,23,70-74,70
23168,Female,1994,23,75-79,53
23168,Female,1994,23,80-above,41
23168,Female,1995,23,0-4,940
23168,Female,1995,23,10-14,753
23168,Female,1995,23,15-19,663
23168,Female,1995,23,20-24,593
23168,Female,1995,23,25-29,554
23168,Female,1995,23,30-34,453
23168,Female,1995,23,35-39,367
23168,Female,1995,23,40-44,268
23168,Female,1995,23,45-49,212
23168,Female,1995,23,5-9,828
23168,Female,1995,23,50-54,160
23168,Female,1995,23,55-59,135
23168,Female,1995,23,60-64,115
23168,Female,1995,23,65-69,97
23168,Female,1995,23,70-74,75
23168,Female,1995,23,75-79,58
23168,Female,1995,23,80-above,47
23168,Female,1996,23,0-4,938
23168,Female,1996,23,10-14,748
23168,Female,1996,23,15-19,658
23168,Female,1996,23,20-24,583
23168,Female,1996,23,25-29,545
23168,Female,1996,23,30-34,456
23168,Female,1996,23,35-39,373
23168,Female,1996,23,40-44,277
23168,Female,1996,23,45-49,221
23168,Female,1996,23,5-9,823
23168,Female,1996,23,50-54,168
23168,Female,1996,23,55-59,138
23168,Female,1996,23,60-64,122
23168,Female,1996,23,65-69,103
23168,Female,1996,23,70-74,78
23168,Female,1996,23,75-79,65
23168,Female,1996,23,80-above,54
23168,Female,1997,23,0-4,926
23168,Female,1997,23,10-14,742
23168,Female,1997,23,15-19,653
23168,Female,1997,23,20-24,578
23168,Female,1997,23,25-29,534
23168,Female,1997,23,30-34,460
23168,Female,1997,23,35-39,379
23168,Female,1997,23,40-44,289
23168,Female,1997,23,45-49,230
23168,Female,1997,23,5-9,819
23168,Female,1997,23,50-54,176
23168,Female,1997,23,55-59,142
23168,Female,1997,23,60-64,128
23168,Female,1997,23,65-69,109
23168,Female,1997,23,70-74,82
23168,Female,1997,23,75-79,70
23168,Female,1997,23,80-above,63
23168,Female,1998,23,0-4,906
23168,Female,1998,23,10-14,736
23168,Female,1998,23,15-19,648
23168,Female,1998,23,20-24,574
23168,Female,1998,23,25-29,520
23168,Female,1998,23,30-34,464
23168,Female,1998,23,35-39,384
23168,Female,1998,23,40-44,302
23168,Female,1998,23,45-49,240
23168,Female,1998,23,5-9,811
23168,Female,1998,23,50-54,189
23168,Female,1998,23,55-59,147
23168,Female,1998,23,60-64,136
23168,Female,1998,23,65-69,117
23168,Female,1998,23,70-74,86
23168,Female,1998,23,75-79,75
23168,Female,1998,23,80-above,70
23168,Female,1999,23,0-4,884
23168,Female,1999,23,10-14,729
23168,Female,1999,23,15-19,639
23168,Female,1999,23,20-24,570
23168,Female,1999,23,25-29,507
23168,Female,1999,23,30-34,461
23168,Female,1999,23,35-39,389
23168,Female,1999,23,40-44,315
23168,Female,1999,23,45-49,248
23168,Female,1999,23,5-9,800
23168,Female,1999,23,50-54,204
23168,Female,1999,23,55-59,152
23168,Female,1999,23,60-64,144
23168,Female,1999,23,65-69,126
23168,Female,1999,23,70-74,93
23168,Female,1999,23,75-79,79
23168,Female,1999,23,80-above,79
23168,Female,2000,23,0-4,857
23168,Female,2000,23,10-14,723
23168,Female,2000,23,15-19,633
23168,Female,2000,23,20-24,566
23168,Female,2000,23,25-29,496
23168,Female,2000,23,30-34,456
23168,Female,2000,23,35-39,392
23168,Female,2000,23,40-44,327
23168,Female,2000,23,45-49,262
23168,Female,2000,23,5-9,783
23168,Female,2000,23,50-54,217
23168,Female,2000,23,55-59,163
23168,Female,2000,23,60-64,151
23168,Female,2000,23,65-69,136
23168,Female,2000,23,70-74,102
23168,Female,2000,23,75-79,82
23168,Female,2000,23,80-above,87
23168,Female,2001,23,0-4,838
23168,Female,2001,23,10-14,711
23168,Female,2001,23,15-19,624
23168,Female,2001,23,20-24,558
23168,Female,2001,23,25-29,488
23168,Female,2001,23,30-34,453
23168,Female,2001,23,35-39,400
23168,Female,2001,23,40-44,339
23168,Female,2001,23,45-49,275
23168,Female,2001,23,5-9,762
23168,Female,2001,23,50-54,231
23168,Female,2001,23,55-59,172
23168,Female,2001,23,60-64,158
23168,Female,2001,23,65-69,145
23168,Female,2001,23,70-74,110
23168,Female,2001,23,75-79,86
23168,Female,2001,23,80-above,96
23168,Female,2002,23,0-4,824
23168,Female,2002,23,10-14,697
23168,Female,2002,23,15-19,614
23168,Female,2002,23,20-24,549
23168,Female,2002,23,25-29,478
23168,Female,2002,23,30-34,449
23168,Female,2002,23,35-39,405
23168,Female,2002,23,40-44,352
23168,Female,2002,23,45-49,290
23168,Female,2002,23,5-9,738
23168,Female,2002,23,50-54,243
23168,Female,2002,23,55-59,182
23168,Female,2002,23,60-64,164
23168,Female,2002,23,65-69,154
23168,Female,2002,23,70-74,118
23168,Female,2002,23,75-79,89
23168,Female,2002,23,80-above,104
23168,Female,2003,23,0-4,808
23168,Female,2003,23,10-14,686
23168,Female,2003,23,15-19,604
23168,Female,2003,23,20-24,541
23168,Female,2003,23,25-29,471
23168,Female,2003,23,30-34,444
23168,Female,2003,23,35-39,412
23168,Female,2003,23,40-44,367
23168,Female,2003,23,45-49,305
23168,Female,2003,23,5-9,713
23168,Female,2003,23,50-54,254
23168,Female,2003,23,55-59,194
23168,Female,2003,23,60-64,172
23168,Female,2003,23,65-69,162
23168,Female,2003,23,70-74,128
23168,Female,2003,23,75-79,93
23168,Female,2003,23,80-above,112
23168,Female,2004,23,0-4,796
23168,Female,2004,23,10-14,675
23168,Female,2004,23,15-19,596
23168,Female,2004,23,20-24,533
23168,Female,2004,23,25-29,463
23168,Female,2004,23,30-34,441
23168,Female,2004,23,35-39,417
23168,Female,2004,23,40-44,380
23168,Female,2004,23,45-49,321
23168,Female,2004,23,5-9,689
23168,Female,2004,23,50-54,270
23168,Female,2004,23,55-59,206
23168,Female,2004,23,60-64,179
23168,Female,2004,23,65-69,171
23168,Female,2004,23,70-74,136
23168,Female,2004,23,75-79,96
23168,Female,2004,23,80-above,122
23168,Female,2005,23,0-4,794
23168,Female,2005,23,10-14,664
23168,Female,2005,23,15-19,591
23168,Female,2005,23,20-24,528
23168,Female,2005,23,25-29,459
23168,Female,2005,23,30-34,440
23168,Female,2005,23,35-39,422
23168,Female,2005,23,40-44,393
23168,Female,2005,23,45-49,335
23168,Female,2005,23,5-9,668
23168,Female,2005,23,50-54,282
23168,Female,2005,23,55-59,215
23168,Female,2005,23,60-64,186
23168,Female,2005,23,65-69,178
23168,Female,2005,23,70-74,144
23168,Female,2005,23,75-79,100
23168,Female,2005,23,80-above,129
23168,Female,2006,23,0-4,790
23168,Female,2006,23,10-14,661
23168,Female,2006,23,15-19,600
23168,Female,2006,23,20-24,534
23168,Female,2006,23,25-29,464
23168,Female,2006,23,30-34,439
23168,Female,2006,23,35-39,424
23168,Female,2006,23,40-44,402
23168,Female,2006,23,45-49,344
23168,Female,2006,23,5-9,671
23168,Female,2006,23,50-54,293
23168,Female,2006,23,55-59,225
23168,Female,2006,23,60-64,189
23168,Female,2006,23,65-69,178
23168,Female,2006,23,70-74,149
23168,Female,2006,23,75-79,95
23168,Female,2006,23,80-above,129
23168,Female,2007,23,0-4,781
23168,Female,2007,23,10-14,655
23168,Female,2007,23,15-19,610
23168,Female,2007,23,20-24,540
23168,Female,2007,23,25-29,470
23168,Female,2007,23,30-34,438
23168,Female,2007,23,35-39,423
23168,Female,2007,23,40-44,407
23168,Female,2007,23,45-49,354
23168,Female,2007,23,5-9,679
23168,Female,2007,23,50-54,302
23168,Female,2007,23,55-59,237
23168,Female,2007,23,60-64,190
23168,Female,2007,23,65-69,176
23168,Female,2007,23,70-74,154
23168,Female,2007,23,75-79,95
23168,Female,2007,23,80-above,134
23168,Female,2008,23,0-4,770
23168,Female,2008,23,10-14,646
23168,Female,2008,23,15-19,617
23168,Female,2008,23,20-24,545
23168,Female,2008,23,25-29,478
23168,Female,2008,23,30-34,434
23168,Female,2008,23,35-39,421
23168,Female,2008,23,40-44,410
23168,Female,2008,23,45-49,364
23168,Female,2008,23,5-9,694
23168,Female,2008,23,50-54,311
23168,Female,2008,23,55-59,250
23168,Female,2008,23,60-64,194
23168,Female,2008,23,65-69,174
23168,Female,2008,23,70-74,158
23168,Female,2008,23,75-79,101
23168,Female,2008,23,80-above,138
23168,Female,2009,23,0-4,752
23168,Female,2009,23,10-14,640
23168,Female,2009,23,15-19,622
23168,Female,2009,23,20-24,550
23168,Female,2009,23,25-29,489
23168,Female,2009,23,30-34,433
23168,Female,2009,23,35-39,421
23168,Female,2009,23,40-44,412
23168,Female,2009,23,45-49,374
23168,Female,2009,23,5-9,712
23168,Female,2009,23,50-54,318
23168,Female,2009,23,55-59,263
23168,Female,2009,23,60-64,199
23168,Female,2009,23,65-69,174
23168,Female,2009,23,70-74,160
23168,Female,2009,23,75-79,109
23168,Female,2009,23,80-above,143
23168,Female,2010,23,0-4,725
23168,Female,2010,23,10-14,641
23168,Female,2010,23,15-19,626
23168,Female,2010,23,20-24,555
23168,Female,2010,23,25-29,496
23168,Female,2010,23,30-34,437
23168,Female,2010,23,35-39,421
23168,Female,2010,23,40-44,414
23168,Female,2010,23,45-49,383
23168,Female,2010,23,5-9,731
23168,Female,2010,23,50-54,327
23168,Female,2010,23,55-59,275
23168,Female,2010,23,60-64,206
23168,Female,2010,23,65-69,174
23168,Female,2010,23,70-74,161
23168,Female,2010,23,75-79,121
23168,Female,2010,23,80-above,147
23168,Female,2011,23,0-4,721
23168,Female,2011,23,10-14,646
23168,Female,2011,23,15-19,624
23168,Female,2011,23,20-24,561
23168,Female,2011,23,25-29,502
23168,Female,2011,23,30-34,442
23168,Female,2011,23,35-39,422
23168,Female,2011,23,40-44,414
23168,Female,2011,23,45-49,391
23168,Female,2011,23,5-9,734
23168,Female,2011,23,50-54,336
23168,Female,2011,23,55-59,286
23168,Female,2011,23,60-64,216
23168,Female,2011,23,65-69,175
23168,Female,2011,23,70-74,157
23168,Female,2011,23,75-79,128
23168,Female,2011,23,80-above,152
23168,Female,2012,23,0-4,718
23168,Female,2012,23,10-14,658
23168,Female,2012,23,15-19,619
23168,Female,2012,23,20-24,567
23168,Female,2012,23,25-29,506
23168,Female,2012,23,30-34,450
23168,Female,2012,23,35-39,421
23168,Female,2012,23,40-44,415
23168,Female,2012,23,45-49,398
23168,Female,2012,23,5-9,736
23168,Female,2012,23,50-54,348
23168,Female,2012,23,55-59,295
23168,Female,2012,23,60-64,229
23168,Female,2012,23,65-69,179
23168,Female,2012,23,70-74,156
23168,Female,2012,23,75-79,135
23168,Female,2012,23,80-above,155
23168,Female,2013,23,0-4,713
23168,Female,2013,23,10-14,673
23168,Female,2013,23,15-19,615
23168,Female,2013,23,20-24,575
23168,Female,2013,23,25-29,509
23168,Female,2013,23,30-34,458
23168,Female,2013,23,35-39,422
23168,Female,2013,23,40-44,416
23168,Female,2013,23,45-49,403
23168,Female,2013,23,5-9,734
23168,Female,2013,23,50-54,357
23168,Female,2013,23,55-59,305
23168,Female,2013,23,60-64,242
23168,Female,2013,23,65-69,184
23168,Female,2013,23,70-74,154
23168,Female,2013,23,75-79,139
23168,Female,2013,23,80-above,160
23168,Female,2014,23,0-4,707
23168,Female,2014,23,10-14,688
23168,Female,2014,23,15-19,614
23168,Female,2014,23,20-24,580
23168,Female,2014,23,25-29,511
23168,Female,2014,23,30-34,467
23168,Female,2014,23,35-39,424
23168,Female,2014,23,40-44,418
23168,Female,2014,23,45-49,407
23168,Female,2014,23,5-9,726
23168,Female,2014,23,50-54,369
23168,Female,2014,23,55-59,315
23168,Female,2014,23,60-64,256
23168,Female,2014,23,65-69,189
23168,Female,2014,23,70-74,156
23168,Female,2014,23,75-79,139
23168,Female,2014,23,80-above,163
23168,Female,2015,23,0-4,705
23168,Female,2015,23,10-14,706
23168,Female,2015,23,15-19,617
23168,Female,2015,23,20-24,584
23168,Female,2015,23,25-29,515
23168,Female,2015,23,30-34,473
23168,Female,2015,23,35-39,427
23168,Female,2015,23,40-44,417
23168,Female,2015,23,45-49,408
23168,Female,2015,23,5-9,709
23168,Female,2015,23,50-54,378
23168,Female,2015,23,55-59,324
23168,Female,2015,23,60-64,269
23168,Female,2015,23,65-69,196
23168,Female,2015,23,70-74,158
23168,Female,2015,23,75-79,138
23168,Female,2015,23,80-above,168
23168,Female,2016,23,0-4,704
23168,Female,2016,23,10-14,709
23168,Female,2016,23,15-19,624
23168,Female,2016,23,20-24,587
23168,Female,2016,23,25-29,521
23168,Female,2016,23,30-34,477
23168,Female,2016,23,35-39,431
23168,Female,2016,23,40-44,418
23168,Female,2016,23,45-49,409
23168,Female,2016,23,5-9,704
23168,Female,2016,23,50-54,387
23168,Female,2016,23,55-59,335
23168,Female,2016,23,60-64,279
23168,Female,2016,23,65-69,206
23168,Female,2016,23,70-74,161
23168,Female,2016,23,75-79,140
23168,Female,2016,23,80-above,174
23168,Female,2017,23,0-4,702
23168,Female,2017,23,10-14,711
23168,Female,2017,23,15-19,634
23168,Female,2017,23,20-24,587
23168,Female,2017,23,25-29,528
23168,Female,2017,23,30-34,480
23168,Female,2017,23,35-39,438
23168,Female,2017,23,40-44,419
23168,Female,2017,23,45-49,411
23168,Female,2017,23,5-9,699
23168,Female,2017,23,50-54,393
23168,Female,2017,23,55-59,345
23168,Female,2017,23,60-64,290
23168,Female,2017,23,65-69,218
23168,Female,2017,23,70-74,165
23168,Female,2017,23,75-79,140
23168,Female,2017,23,80-above,180
23168,Female,2018,23,0-4,701
23168,Female,2018,23,10-14,708
23168,Female,2018,23,15-19,646
23168,Female,2018,23,20-24,586
23168,Female,2018,23,25-29,538
23168,Female,2018,23,30-34,482
23168,Female,2018,23,35-39,445
23168,Female,2018,23,40-44,421
23168,Female,2018,23,45-49,411
23168,Female,2018,23,5-9,692
23168,Female,2018,23,50-54,400
23168,Female,2018,23,55-59,355
23168,Female,2018,23,60-64,299
23168,Female,2018,23,65-69,232
23168,Female,2018,23,70-74,170
23168,Female,2018,23,75-79,137
23168,Female,2018,23,80-above,186
23168,Female,2019,23,0-4,698
23168,Female,2019,23,10-14,701
23168,Female,2019,23,15-19,659
23168,Female,2019,23,20-24,587
23168,Female,2019,23,25-29,547
23168,Female,2019,23,30-34,487
23168,Female,2019,23,35-39,450
23168,Female,2019,23,40-44,424
23168,Female,2019,23,45-49,413
23168,Female,2019,23,5-9,686
23168,Female,2019,23,50-54,402
23168,Female,2019,23,55-59,366
23168,Female,2019,23,60-64,308
23168,Female,2019,23,65-69,245
23168,Female,2019,23,70-74,174
23168,Female,2019,23,75-79,134
23168,Female,2019,23,80-above,192
23168,Female,2020,23,0-4,695
23168,Female,2020,23,10-14,685
23168,Female,2020,23,15-19,674
23168,Female,2020,23,20-24,588
23168,Female,2020,23,25-29,553
23168,Female,2020,23,30-34,493
23168,Female,2020,23,35-39,457
23168,Female,2020,23,40-44,425
23168,Female,2020,23,45-49,411
23168,Female,2020,23,5-9,678
23168,Female,2020,23,50-54,404
23168,Female,2020,23,55-59,375
23168,Female,2020,23,60-64,316
23168,Female,2020,23,65-69,256
23168,Female,2020,23,70-74,180
23168,Female,2020,23,75-79,138
23168,Female,2020,23,80-above,197
23168,Male,1985,23,0-4,850
23168,Male,1985,23,10-14,686
23168,Male,1985,23,15-19,694
23168,Male,1985,23,20-24,625
23168,Male,1985,23,25-29,465
23168,Male,1985,23,30-34,371
23168,Male,1985,23,35-39,277
23168,Male,1985,23,40-44,198
23168,Male,1985,23,45-49,199
23168,Male,1985,23,5-9,753
23168,Male,1985,23,50-54,154
23168,Male,1985,23,55-59,131
23168,Male,1985,23,60-64,122
23168,Male,1985,23,65-69,89
23168,Male,1985,23,70-74,59
23168,Male,1985,23,75-79,40
23168,Male,1985,23,80-above,17
23168,Male,1986,23,0-4,855
23168,Male,1986,23,10-14,691
23168,Male,1986,23,15-19,692
23168,Male,1986,23,20-24,632
23168,Male,1986,23,25-29,477
23168,Male,1986,23,30-34,375
23168,Male,1986,23,35-39,283
23168,Male,1986,23,40-44,200
23168,Male,1986,23,45-49,194
23168,Male,1986,23,5-9,770
23168,Male,1986,23,50-54,154
23168,Male,1986,23,55-59,124
23168,Male,1986,23,60-64,120
23168,Male,1986,23,65-69,90
23168,Male,1986,23,70-74,59
23168,Male,1986,23,75-79,44
23168,Male,1986,23,80-above,20
23168,Male,1987,23,0-4,862
23168,Male,1987,23,10-14,701
23168,Male,1987,23,15-19,682
23168,Male,1987,23,20-24,638
23168,Male,1987,23,25-29,492
23168,Male,1987,23,30-34,381
23168,Male,1987,23,35-39,290
23168,Male,1987,23,40-44,205
23168,Male,1987,23,45-49,188
23168,Male,1987,23,5-9,780
23168,Male,1987,23,50-54,155
23168,Male,1987,23,55-59,118
23168,Male,1987,23,60-64,115
23168,Male,1987,23,65-69,93
23168,Male,1987,23,70-74,60
23168,Male,1987,23,75-79,49
23168,Male,1987,23,80-above,23
23168,Male,1988,23,0-4,879
23168,Male,1988,23,10-14,714
23168,Male,1988,23,15-19,670
23168,Male,1988,23,20-24,645
23168,Male,1988,23,25-29,503
23168,Male,1988,23,30-34,388
23168,Male,1988,23,35-39,295
23168,Male,1988,23,40-44,210
23168,Male,1988,23,45-49,183
23168,Male,1988,23,5-9,788
23168,Male,1988,23,50-54,155
23168,Male,1988,23,55-59,116
23168,Male,1988,23,60-64,109
23168,Male,1988,23,65-69,95
23168,Male,1988,23,70-74,61
23168,Male,1988,23,75-79,51
23168,Male,1988,23,80-above,27
23168,Male,1989,23,0-4,899
23168,Male,1989,23,10-14,724
23168,Male,1989,23,15-19,660
23168,Male,1989,23,20-24,645
23168,Male,1989,23,25-29,513
23168,Male,1989,23,30-34,397
23168,Male,1989,23,35-39,301
23168,Male,1989,23,40-44,216
23168,Male,1989,23,45-49,179
23168,Male,1989,23,5-9,795
23168,Male,1989,23,50-54,156
23168,Male,1989,23,55-59,115
23168,Male,1989,23,60-64,105
23168,Male,1989,23,65-69,95
23168,Male,1989,23,70-74,64
23168,Male,1989,23,75-79,54
23168,Male,1989,23,80-above,30
23168,Male,1990,23,0-4,911
23168,Male,1990,23,10-14,734
23168,Male,1990,23,15-19,654
23168,Male,1990,23,20-24,644
23168,Male,1990,23,25-29,524
23168,Male,1990,23,30-34,404
23168,Male,1990,23,35-39,309
23168,Male,1990,23,40-44,227
23168,Male,1990,23,45-49,178
23168,Male,1990,23,5-9,805
23168,Male,1990,23,50-54,155
23168,Male,1990,23,55-59,115
23168,Male,1990,23,60-64,101
23168,Male,1990,23,65-69,94
23168,Male,1990,23,70-74,66
23168,Male,1990,23,75-79,56
23168,Male,1990,23,80-above,34
23168,Male,1991,23,0-4,939
23168,Male,1991,23,10-14,738
23168,Male,1991,23,15-19,653
23168,Male,1991,23,20-24,636
23168,Male,1991,23,25-29,532
23168,Male,1991,23,30-34,411
23168,Male,1991,23,35-39,316
23168,Male,1991,23,40-44,233
23168,Male,1991,23,45-49,179
23168,Male,1991,23,5-9,818
23168,Male,1991,23,50-54,154
23168,Male,1991,23,55-59,115
23168,Male,1991,23,60-64,100
23168,Male,1991,23,65-69,94
23168,Male,1991,23,70-74,69
23168,Male,1991,23,75-79,55
23168,Male,1991,23,80-above,38
23168,Male,1992,23,0-4,950
23168,Male,1992,23,10-14,738
23168,Male,1992,23,15-19,654
23168,Male,1992,23,20-24,623
23168,Male,1992,23,25-29,539
23168,Male,1992,23,30-34,419
23168,Male,1992,23,35-39,324
23168,Male,1992,23,40-44,241
23168,Male,1992,23,45-49,183
23168,Male,1992,23,5-9,832
23168,Male,1992,23,50-54,152
23168,Male,1992,23,55-59,120
23168,Male,1992,23,60-64,102
23168,Male,1992,23,65-69,94
23168,Male,1992,23,70-74,73
23168,Male,1992,23,75-79,58
23168,Male,1992,23,80-above,42
23168,Male,1993,23,0-4,958
23168,Male,1993,23,10-14,737
23168,Male,1993,23,15-19,657
23168,Male,1993,23,20-24,610
23168,Male,1993,23,25-29,545
23168,Male,1993,23,30-34,426
23168,Male,1993,23,35-39,334
23168,Male,1993,23,40-44,249
23168,Male,1993,23,45-49,190
23168,Male,1993,23,5-9,850
23168,Male,1993,23,50-54,152
23168,Male,1993,23,55-59,125
23168,Male,1993,23,60-64,103
23168,Male,1993,23,65-69,94
23168,Male,1993,23,70-74,79
23168,Male,1993,23,75-79,60
23168,Male,1993,23,80-above,47
23168,Male,1994,23,0-4,952
23168,Male,1994,23,10-14,737
23168,Male,1994,23,15-19,657
23168,Male,1994,23,20-24,596
23168,Male,1994,23,25-29,548
23168,Male,1994,23,30-34,434
23168,Male,1994,23,35-39,346
23168,Male,1994,23,40-44,258
23168,Male,1994,23,45-49,200
23168,Male,1994,23,5-9,862
23168,Male,1994,23,50-54,156
23168,Male,1994,23,55-59,133
23168,Male,1994,23,60-64,109
23168,Male,1994,23,65-69,95
23168,Male,1994,23,70-74,83
23168,Male,1994,23,75-79,68
23168,Male,1994,23,80-above,52
23168,Male,1995,23,0-4,947
23168,Male,1995,23,10-14,738
23168,Male,1995,23,15-19,657
23168,Male,1995,23,20-24,588
23168,Male,1995,23,25-29,545
23168,Male,1995,23,30-34,442
23168,Male,1995,23,35-39,355
23168,Male,1995,23,40-44,270
23168,Male,1995,23,45-49,212
23168,Male,1995,23,5-9,868
23168,Male,1995,23,50-54,161
23168,Male,1995,23,55-59,140
23168,Male,1995,23,60-64,113
23168,Male,1995,23,65-69,99
23168,Male,1995,23,70-74,86
23168,Male,1995,23,75-79,74
23168,Male,1995,23,80-above,56
23168,Male,1996,23,0-4,938
23168,Male,1996,23,10-14,743
23168,Male,1996,23,15-19,657
23168,Male,1996,23,20-24,583
23168,Male,1996,23,25-29,540
23168,Male,1996,23,30-34,447
23168,Male,1996,23,35-39,367
23168,Male,1996,23,40-44,283
23168,Male,1996,23,45-49,223
23168,Male,1996,23,5-9,866
23168,Male,1996,23,50-54,170
23168,Male,1996,23,55-59,145
23168,Male,1996,23,60-64,123
23168,Male,1996,23,65-69,104
23168,Male,1996,23,70-74,87
23168,Male,1996,23,75-79,81
23168,Male,1996,23,80-above,62
23168,Male,1997,23,0-4,924
23168,Male,1997,23,10-14,749
23168,Male,1997,23,15-19,654
23168,Male,1997,23,20-24,583
23168,Male,1997,23,25-29,531
23168,Male,1997,23,30-34,454
23168,Male,1997,23,35-39,379
23168,Male,1997,23,40-44,296
23168,Male,1997,23,45-49,235
23168,Male,1997,23,5-9,862
23168,Male,1997,23,50-54,182
23168,Male,1997,23,55-59,152
23168,Male,1997,23,60-64,131
23168,Male,1997,23,65-69,111
23168,Male,1997,23,70-74,90
23168,Male,1997,23,75-79,85
23168,Male,1997,23,80-above,69
23168,Male,1998,23,0-4,901
23168,Male,1998,23,10-14,754
23168,Male,1998,23,15-19,651
23168,Male,1998,23,20-24,585
23168,Male,1998,23,25-29,523
23168,Male,1998,23,30-34,458
23168,Male,1998,23,35-39,393
23168,Male,1998,23,40-44,312
23168,Male,1998,23,45-49,251
23168,Male,1998,23,5-9,850
23168,Male,1998,23,50-54,197
23168,Male,1998,23,55-59,158
23168,Male,1998,23,60-64,142
23168,Male,1998,23,65-69,118
23168,Male,1998,23,70-74,95
23168,Male,1998,23,75-79,90
23168,Male,1998,23,80-above,75
23168,Male,1999,23,0-4,870
23168,Male,1999,23,10-14,763
23168,Male,1999,23,15-19,655
23168,Male,1999,23,20-24,589
23168,Male,1999,23,25-29,517
23168,Male,1999,23,30-34,462
23168,Male,1999,23,35-39,405
23168,Male,1999,23,40-44,329
23168,Male,1999,23,45-49,267
23168,Male,1999,23,5-9,836
23168,Male,1999,23,50-54,214
23168,Male,1999,23,55-59,168
23168,Male,1999,23,60-64,154
23168,Male,1999,23,65-69,129
23168,Male,1999,23,70-74,99
23168,Male,1999,23,75-79,89
23168,Male,1999,23,80-above,82
23168,Male,2000,23,0-4,840
23168,Male,2000,23,10-14,768
23168,Male,2000,23,15-19,661
23168,Male,2000,23,20-24,591
23168,Male,2000,23,25-29,513
23168,Male,2000,23,30-34,461
23168,Male,2000,23,35-39,418
23168,Male,2000,23,40-44,345
23168,Male,2000,23,45-49,286
23168,Male,2000,23,5-9,816
23168,Male,2000,23,50-54,231
23168,Male,2000,23,55-59,180
23168,Male,2000,23,60-64,164
23168,Male,2000,23,65-69,142
23168,Male,2000,23,70-74,107
23168,Male,2000,23,75-79,92
23168,Male,2000,23,80-above,88
23168,Male,2001,23,0-4,816
23168,Male,2001,23,10-14,766
23168,Male,2001,23,15-19,665
23168,Male,2001,23,20-24,591
23168,Male,2001,23,25-29,510
23168,Male,2001,23,30-34,464
23168,Male,2001,23,35-39,431
23168,Male,2001,23,40-44,362
23168,Male,2001,23,45-49,305
23168,Male,2001,23,5-9,800
23168,Male,2001,23,50-54,247
23168,Male,2001,23,55-59,192
23168,Male,2001,23,60-64,175
23168,Male,2001,23,65-69,153
23168,Male,2001,23,70-74,113
23168,Male,2001,23,75-79,96
23168,Male,2001,23,80-above,95
23168,Male,2002,23,0-4,793
23168,Male,2002,23,10-14,767
23168,Male,2002,23,15-19,670
23168,Male,2002,23,20-24,591
23168,Male,2002,23,25-29,511
23168,Male,2002,23,30-34,467
23168,Male,2002,23,35-39,444
23168,Male,2002,23,40-44,381
23168,Male,2002,23,45-49,324
23168,Male,2002,23,5-9,780
23168,Male,2002,23,50-54,264
23168,Male,2002,23,55-59,206
23168,Male,2002,23,60-64,183
23168,Male,2002,23,65-69,165
23168,Male,2002,23,70-74,121
23168,Male,2002,23,75-79,98
23168,Male,2002,23,80-above,103
23168,Male,2003,23,0-4,772
23168,Male,2003,23,10-14,763
23168,Male,2003,23,15-19,676
23168,Male,2003,23,20-24,590
23168,Male,2003,23,25-29,513
23168,Male,2003,23,30-34,469
23168,Male,2003,23,35-39,456
23168,Male,2003,23,40-44,400
23168,Male,2003,23,45-49,343
23168,Male,2003,23,5-9,758
23168,Male,2003,23,50-54,280
23168,Male,2003,23,55-59,220
23168,Male,2003,23,60-64,193
23168,Male,2003,23,65-69,176
23168,Male,2003,23,70-74,130
23168,Male,2003,23,75-79,100
23168,Male,2003,23,80-above,109
23168,Male,2004,23,0-4,759
23168,Male,2004,23,10-14,758
23168,Male,2004,23,15-19,680
23168,Male,2004,23,20-24,591
23168,Male,2004,23,25-29,515
23168,Male,2004,23,30-34,471
23168,Male,2004,23,35-39,468
23168,Male,2004,23,40-44,418
23168,Male,2004,23,45-49,364
23168,Male,2004,23,5-9,732
23168,Male,2004,23,50-54,298
23168,Male,2004,23,55-59,237
23168,Male,2004,23,60-64,201
23168,Male,2004,23,65-69,186
23168,Male,2004,23,70-74,137
23168,Male,2004,23,75-79,100
23168,Male,2004,23,80-above,114
23168,Male,2005,23,0-4,749
23168,Male,2005,23,10-14,754
23168,Male,2005,23,15-19,686
23168,Male,2005,23,20-24,593
23168,Male,2005,23,25-29,515
23168,Male,2005,23,30-34,475
23168,Male,2005,23,35-39,477
23168,Male,2005,23,40-44,434
23168,Male,2005,23,45-49,381
23168,Male,2005,23,5-9,711
23168,Male,2005,23,50-54,314
23168,Male,2005,23,55-59,249
23168,Male,2005,23,60-64,210
23168,Male,2005,23,65-69,195
23168,Male,2005,23,70-74,146
23168,Male,2005,23,75-79,101
23168,Male,2005,23,80-above,121
23168,Male,2006,23,0-4,763
23168,Male,2006,23,10-14,746
23168,Male,2006,23,15-19,697
23168,Male,2006,23,20-24,602
23168,Male,2006,23,25-29,520
23168,Male,2006,23,30-34,475
23168,Male,2006,23,35-39,474
23168,Male,2006,23,40-44,441
23168,Male,2006,23,45-49,390
23168,Male,2006,23,5-9,712
23168,Male,2006,23,50-54,327
23168,Male,2006,23,55-59,260
23168,Male,2006,23,60-64,213
23168,Male,2006,23,65-69,196
23168,Male,2006,23,70-74,153
23168,Male,2006,23,75-79,95
23168,Male,2006,23,80-above,122
23168,Male,2007,23,0-4,774
23168,Male,2007,23,10-14,733
23168,Male,2007,23,15-19,709
23168,Male,2007,23,20-24,613
23168,Male,2007,23,25-29,527
23168,Male,2007,23,30-34,475
23168,Male,2007,23,35-39,468
23168,Male,2007,23,40-44,450
23168,Male,2007,23,45-49,397
23168,Male,2007,23,5-9,715
23168,Male,2007,23,50-54,338
23168,Male,2007,23,55-59,271
23168,Male,2007,23,60-64,217
23168,Male,2007,23,65-69,193
23168,Male,2007,23,70-74,159
23168,Male,2007,23,75-79,93
23168,Male,2007,23,80-above,123
23168,Male,2008,23,0-4,782
23168,Male,2008,23,10-14,717
23168,Male,2008,23,15-19,715
23168,Male,2008,23,20-24,623
23168,Male,2008,23,25-29,534
23168,Male,2008,23,30-34,475
23168,Male,2008,23,35-39,458
23168,Male,2008,23,40-44,454
23168,Male,2008,23,45-49,403
23168,Male,2008,23,5-9,728
23168,Male,2008,23,50-54,350
23168,Male,2008,23,55-59,283
23168,Male,2008,23,60-64,224
23168,Male,2008,23,65-69,192
23168,Male,2008,23,70-74,166
23168,Male,2008,23,75-79,98
23168,Male,2008,23,80-above,124
23168,Male,2009,23,0-4,786
23168,Male,2009,23,10-14,702
23168,Male,2009,23,15-19,718
23168,Male,2009,23,20-24,632
23168,Male,2009,23,25-29,543
23168,Male,2009,23,30-34,477
23168,Male,2009,23,35-39,452
23168,Male,2009,23,40-44,461
23168,Male,2009,23,45-49,411
23168,Male,2009,23,5-9,742
23168,Male,2009,23,50-54,361
23168,Male,2009,23,55-59,295
23168,Male,2009,23,60-64,231
23168,Male,2009,23,65-69,192
23168,Male,2009,23,70-74,171
23168,Male,2009,23,75-79,107
23168,Male,2009,23,80-above,126
23168,Male,2010,23,0-4,779
23168,Male,2010,23,10-14,696
23168,Male,2010,23,15-19,715
23168,Male,2010,23,20-24,639
23168,Male,2010,23,25-29,551
23168,Male,2010,23,30-34,483
23168,Male,2010,23,35-39,449
23168,Male,2010,23,40-44,462
23168,Male,2010,23,45-49,419
23168,Male,2010,23,5-9,759
23168,Male,2010,23,50-54,371
23168,Male,2010,23,55-59,308
23168,Male,2010,23,60-64,240
23168,Male,2010,23,65-69,195
23168,Male,2010,23,70-74,173
23168,Male,2010,23,75-79,119
23168,Male,2010,23,80-above,128
23168,Male,2011,23,0-4,772
23168,Male,2011,23,10-14,699
23168,Male,2011,23,15-19,710
23168,Male,2011,23,20-24,648
23168,Male,2011,23,25-29,560
23168,Male,2011,23,30-34,487
23168,Male,2011,23,35-39,449
23168,Male,2011,23,40-44,456
23168,Male,2011,23,45-49,427
23168,Male,2011,23,5-9,765
23168,Male,2011,23,50-54,379
23168,Male,2011,23,55-59,321
23168,Male,2011,23,60-64,249
23168,Male,2011,23,65-69,198
23168,Male,2011,23,70-74,171
23168,Male,2011,23,75-79,126
23168,Male,2011,23,80-above,132
23168,Male,2012,23,0-4,764
23168,Male,2012,23,10-14,707
23168,Male,2012,23,15-19,698
23168,Male,2012,23,20-24,656
23168,Male,2012,23,25-29,567
23168,Male,2012,23,30-34,496
23168,Male,2012,23,35-39,449
23168,Male,2012,23,40-44,452
23168,Male,2012,23,45-49,435
23168,Male,2012,23,5-9,769
23168,Male,2012,23,50-54,388
23168,Male,2012,23,55-59,333
23168,Male,2012,23,60-64,262
23168,Male,2012,23,65-69,203
23168,Male,2012,23,70-74,169
23168,Male,2012,23,75-79,133
23168,Male,2012,23,80-above,135
23168,Male,2013,23,0-4,759
23168,Male,2013,23,10-14,718
23168,Male,2013,23,15-19,687
23168,Male,2013,23,20-24,663
23168,Male,2013,23,25-29,574
23168,Male,2013,23,30-34,501
23168,Male,2013,23,35-39,453
23168,Male,2013,23,40-44,446
23168,Male,2013,23,45-49,443
23168,Male,2013,23,5-9,769
23168,Male,2013,23,50-54,397
23168,Male,2013,23,55-59,344
23168,Male,2013,23,60-64,273
23168,Male,2013,23,65-69,210
23168,Male,2013,23,70-74,169
23168,Male,2013,23,75-79,137
23168,Male,2013,23,80-above,140
23168,Male,2014,23,0-4,758
23168,Male,2014,23,10-14,733
23168,Male,2014,23,15-19,677
23168,Male,2014,23,20-24,666
23168,Male,2014,23,25-29,581
23168,Male,2014,23,30-34,509
23168,Male,2014,23,35-39,460
23168,Male,2014,23,40-44,441
23168,Male,2014,23,45-49,449
23168,Male,2014,23,5-9,768
23168,Male,2014,23,50-54,405
23168,Male,2014,23,55-59,355
23168,Male,2014,23,60-64,285
23168,Male,2014,23,65-69,216
23168,Male,2014,23,70-74,171
23168,Male,2014,23,75-79,140
23168,Male,2014,23,80-above,143
23168,Male,2015,23,0-4,754
23168,Male,2015,23,10-14,751
23168,Male,2015,23,15-19,675
23168,Male,2015,23,20-24,666
23168,Male,2015,23,25-29,586
23168,Male,2015,23,30-34,516
23168,Male,2015,23,35-39,465
23168,Male,2015,23,40-44,439
23168,Male,2015,23,45-49,451
23168,Male,2015,23,5-9,756
23168,Male,2015,23,50-54,413
23168,Male,2015,23,55-59,367
23168,Male,2015,23,60-64,301
23168,Male,2015,23,65-69,225
23168,Male,2015,23,70-74,175
23168,Male,2015,23,75-79,140
23168,Male,2015,23,80-above,146
23168,Male,2016,23,0-4,756
23168,Male,2016,23,10-14,755
23168,Male,2016,23,15-19,680
23168,Male,2016,23,20-24,665
23168,Male,2016,23,25-29,595
23168,Male,2016,23,30-34,522
23168,Male,2016,23,35-39,470
23168,Male,2016,23,40-44,438
23168,Male,2016,23,45-49,447
23168,Male,2016,23,5-9,755
23168,Male,2016,23,50-54,420
23168,Male,2016,23,55-59,377
23168,Male,2016,23,60-64,313
23168,Male,2016,23,65-69,235
23168,Male,2016,23,70-74,179
23168,Male,2016,23,75-79,143
23168,Male,2016,23,80-above,149
23168,Male,2017,23,0-4,753
23168,Male,2017,23,10-14,758
23168,Male,2017,23,15-19,686
23168,Male,2017,23,20-24,658
23168,Male,2017,23,25-29,604
23168,Male,2017,23,30-34,529
23168,Male,2017,23,35-39,476
23168,Male,2017,23,40-44,440
23168,Male,2017,23,45-49,444
23168,Male,2017,23,5-9,757
23168,Male,2017,23,50-54,429
23168,Male,2017,23,55-59,384
23168,Male,2017,23,60-64,324
23168,Male,2017,23,65-69,246
23168,Male,2017,23,70-74,183
23168,Male,2017,23,75-79,143
23168,Male,2017,23,80-above,150
23168,Male,2018,23,0-4,751
23168,Male,2018,23,10-14,760
23168,Male,2018,23,15-19,695
23168,Male,2018,23,20-24,651
23168,Male,2018,23,25-29,613
23168,Male,2018,23,30-34,536
23168,Male,2018,23,35-39,480
23168,Male,2018,23,40-44,446
23168,Male,2018,23,45-49,436
23168,Male,2018,23,5-9,754
23168,Male,2018,23,50-54,438
23168,Male,2018,23,55-59,392
23168,Male,2018,23,60-64,335
23168,Male,2018,23,65-69,258
23168,Male,2018,23,70-74,189
23168,Male,2018,23,75-79,142
23168,Male,2018,23,80-above,153
23168,Male,2019,23,0-4,746
23168,Male,2019,23,10-14,758
23168,Male,2019,23,15-19,707
23168,Male,2019,23,20-24,643
23168,Male,2019,23,25-29,620
23168,Male,2019,23,30-34,546
23168,Male,2019,23,35-39,487
23168,Male,2019,23,40-44,451
23168,Male,2019,23,45-49,431
23168,Male,2019,23,5-9,754
23168,Male,2019,23,50-54,445
23168,Male,2019,23,55-59,402
23168,Male,2019,23,60-64,347
23168,Male,2019,23,65-69,269
23168,Male,2019,23,70-74,196
23168,Male,2019,23,75-79,139
23168,Male,2019,23,80-above,157
23168,Male,2020,23,0-4,743
23168,Male,2020,23,10-14,746
23168,Male,2020,23,15-19,723
23168,Male,2020,23,20-24,639
23168,Male,2020,23,25-29,624
23168,Male,2020,23,30-34,556
23168,Male,2020,23,35-39,494
23168,Male,2020,23,40-44,455
23168,Male,2020,23,45-49,429
23168,Male,2020,23,5-9,753
23168,Male,2020,23,50-54,445
23168,Male,2020,23,55-59,408
23168,Male,2020,23,60-64,358
23168,Male,2020,23,65-69,279
23168,Male,2020,23,70-74,203
23168,Male,2020,23,75-79,140
23168,Male,2020,23,80-above,159
23168,Total,1985,23,0-4,1696
23168,Total,1985,23,10-14,1334
23168,Total,1985,23,15-19,1327
23168,Total,1985,23,20-24,1197
23168,Total,1985,23,25-29,924
23168,Total,1985,23,30-34,730
23168,Total,1985,23,35-39,557
23168,Total,1985,23,40-44,396
23168,Total,1985,23,45-49,389
23168,Total,1985,23,5-9,1506
23168,Total,1985,23,50-54,309
23168,Total,1985,23,55-59,252
23168,Total,1985,23,60-64,221
23168,Total,1985,23,65-69,162
23168,Total,1985,23,70-74,102
23168,Total,1985,23,75-79,70
23168,Total,1985,23,80-above,30
23168,Total,1986,23,0-4,1715
23168,Total,1986,23,10-14,1354
23168,Total,1986,23,15-19,1337
23168,Total,1986,23,20-24,1222
23168,Total,1986,23,25-29,953
23168,Total,1986,23,30-34,749
23168,Total,1986,23,35-39,575
23168,Total,1986,23,40-44,403
23168,Total,1986,23,45-49,382
23168,Total,1986,23,5-9,1540
23168,Total,1986,23,50-54,312
23168,Total,1986,23,55-59,245
23168,Total,1986,23,60-64,219
23168,Total,1986,23,65-69,167
23168,Total,1986,23,70-74,103
23168,Total,1986,23,75-79,73
23168,Total,1986,23,80-above,35
23168,Total,1987,23,0-4,1743
23168,Total,1987,23,10-14,1382
23168,Total,1987,23,15-19,1331
23168,Total,1987,23,20-24,1245
23168,Total,1987,23,25-29,983
23168,Total,1987,23,30-34,770
23168,Total,1987,23,35-39,592
23168,Total,1987,23,40-44,416
23168,Total,1987,23,45-49,373
23168,Total,1987,23,5-9,1562
23168,Total,1987,23,50-54,314
23168,Total,1987,23,55-59,239
23168,Total,1987,23,60-64,213
23168,Total,1987,23,65-69,172
23168,Total,1987,23,70-74,109
23168,Total,1987,23,75-79,78
23168,Total,1987,23,80-above,39
23168,Total,1988,23,0-4,1777
23168,Total,1988,23,10-14,1413
23168,Total,1988,23,15-19,1321
23168,Total,1988,23,20-24,1266
23168,Total,1988,23,25-29,1007
23168,Total,1988,23,30-34,791
23168,Total,1988,23,35-39,606
23168,Total,1988,23,40-44,430
23168,Total,1988,23,45-49,363
23168,Total,1988,23,5-9,1581
23168,Total,1988,23,50-54,315
23168,Total,1988,23,55-59,238
23168,Total,1988,23,60-64,209
23168,Total,1988,23,65-69,176
23168,Total,1988,23,70-74,113
23168,Total,1988,23,75-79,81
23168,Total,1988,23,80-above,45
23168,Total,1989,23,0-4,1825
23168,Total,1989,23,10-14,1439
23168,Total,1989,23,15-19,1311
23168,Total,1989,23,20-24,1278
23168,Total,1989,23,25-29,1026
23168,Total,1989,23,30-34,810
23168,Total,1989,23,35-39,619
23168,Total,1989,23,40-44,444
23168,Total,1989,23,45-49,357
23168,Total,1989,23,5-9,1595
23168,Total,1989,23,50-54,316
23168,Total,1989,23,55-59,236
23168,Total,1989,23,60-64,205
23168,Total,1989,23,65-69,176
23168,Total,1989,23,70-74,119
23168,Total,1989,23,75-79,88
23168,Total,1989,23,80-above,51
23168,Total,1990,23,0-4,1853
23168,Total,1990,23,10-14,1463
23168,Total,1990,23,15-19,1306
23168,Total,1990,23,20-24,1279
23168,Total,1990,23,25-29,1048
23168,Total,1990,23,30-34,827
23168,Total,1990,23,35-39,635
23168,Total,1990,23,40-44,463
23168,Total,1990,23,45-49,356
23168,Total,1990,23,5-9,1616
23168,Total,1990,23,50-54,313
23168,Total,1990,23,55-59,237
23168,Total,1990,23,60-64,201
23168,Total,1990,23,65-69,178
23168,Total,1990,23,70-74,124
23168,Total,1990,23,75-79,95
23168,Total,1990,23,80-above,57
23168,Total,1991,23,0-4,1891
23168,Total,1991,23,10-14,1476
23168,Total,1991,23,15-19,1306
23168,Total,1991,23,20-24,1269
23168,Total,1991,23,25-29,1066
23168,Total,1991,23,30-34,842
23168,Total,1991,23,35-39,650
23168,Total,1991,23,40-44,476
23168,Total,1991,23,45-49,360
23168,Total,1991,23,5-9,1640
23168,Total,1991,23,50-54,310
23168,Total,1991,23,55-59,237
23168,Total,1991,23,60-64,202
23168,Total,1991,23,65-69,180
23168,Total,1991,23,70-74,127
23168,Total,1991,23,75-79,96
23168,Total,1991,23,80-above,65
23168,Total,1992,23,0-4,1905
23168,Total,1992,23,10-14,1482
23168,Total,1992,23,15-19,1312
23168,Total,1992,23,20-24,1247
23168,Total,1992,23,25-29,1083
23168,Total,1992,23,30-34,857
23168,Total,1992,23,35-39,666
23168,Total,1992,23,40-44,490
23168,Total,1992,23,45-49,369
23168,Total,1992,23,5-9,1665
23168,Total,1992,23,50-54,307
23168,Total,1992,23,55-59,245
23168,Total,1992,23,60-64,206
23168,Total,1992,23,65-69,183
23168,Total,1992,23,70-74,135
23168,Total,1992,23,75-79,103
23168,Total,1992,23,80-above,73
23168,Total,1993,23,0-4,1914
23168,Total,1993,23,10-14,1485
23168,Total,1993,23,15-19,1319
23168,Total,1993,23,20-24,1222
23168,Total,1993,23,25-29,1096
23168,Total,1993,23,30-34,869
23168,Total,1993,23,35-39,683
23168,Total,1993,23,40-44,503
23168,Total,1993,23,45-49,384
23168,Total,1993,23,5-9,1689
23168,Total,1993,23,50-54,305
23168,Total,1993,23,55-59,253
23168,Total,1993,23,60-64,210
23168,Total,1993,23,65-69,185
23168,Total,1993,23,70-74,145
23168,Total,1993,23,75-79,108
23168,Total,1993,23,80-above,82
23168,Total,1994,23,0-4,1903
23168,Total,1994,23,10-14,1487
23168,Total,1994,23,15-19,1319
23168,Total,1994,23,20-24,1196
23168,Total,1994,23,25-29,1103
23168,Total,1994,23,30-34,881
23168,Total,1994,23,35-39,706
23168,Total,1994,23,40-44,517
23168,Total,1994,23,45-49,404
23168,Total,1994,23,5-9,1698
23168,Total,1994,23,50-54,311
23168,Total,1994,23,55-59,264
23168,Total,1994,23,60-64,220
23168,Total,1994,23,65-69,189
23168,Total,1994,23,70-74,153
23168,Total,1994,23,75-79,121
23168,Total,1994,23,80-above,93
23168,Total,1995,23,0-4,1887
23168,Total,1995,23,10-14,1491
23168,Total,1995,23,15-19,1320
23168,Total,1995,23,20-24,1181
23168,Total,1995,23,25-29,1099
23168,Total,1995,23,30-34,895
23168,Total,1995,23,35-39,722
23168,Total,1995,23,40-44,538
23168,Total,1995,23,45-49,424
23168,Total,1995,23,5-9,1696
23168,Total,1995,23,50-54,321
23168,Total,1995,23,55-59,275
23168,Total,1995,23,60-64,228
23168,Total,1995,23,65-69,196
23168,Total,1995,23,70-74,161
23168,Total,1995,23,75-79,132
23168,Total,1995,23,80-above,103
23168,Total,1996,23,0-4,1876
23168,Total,1996,23,10-14,1491
23168,Total,1996,23,15-19,1315
23168,Total,1996,23,20-24,1166
23168,Total,1996,23,25-29,1085
23168,Total,1996,23,30-34,903
23168,Total,1996,23,35-39,740
23168,Total,1996,23,40-44,560
23168,Total,1996,23,45-49,444
23168,Total,1996,23,5-9,1689
23168,Total,1996,23,50-54,338
23168,Total,1996,23,55-59,283
23168,Total,1996,23,60-64,245
23168,Total,1996,23,65-69,207
23168,Total,1996,23,70-74,165
23168,Total,1996,23,75-79,146
23168,Total,1996,23,80-above,116
23168,Total,1997,23,0-4,1850
23168,Total,1997,23,10-14,1491
23168,Total,1997,23,15-19,1307
23168,Total,1997,23,20-24,1161
23168,Total,1997,23,25-29,1065
23168,Total,1997,23,30-34,914
23168,Total,1997,23,35-39,758
23168,Total,1997,23,40-44,585
23168,Total,1997,23,45-49,465
23168,Total,1997,23,5-9,1681
23168,Total,1997,23,50-54,358
23168,Total,1997,23,55-59,294
23168,Total,1997,23,60-64,259
23168,Total,1997,23,65-69,220
23168,Total,1997,23,70-74,172
23168,Total,1997,23,75-79,155
23168,Total,1997,23,80-above,132
23168,Total,1998,23,0-4,1807
23168,Total,1998,23,10-14,1490
23168,Total,1998,23,15-19,1299
23168,Total,1998,23,20-24,1159
23168,Total,1998,23,25-29,1043
23168,Total,1998,23,30-34,922
23168,Total,1998,23,35-39,777
23168,Total,1998,23,40-44,614
23168,Total,1998,23,45-49,491
23168,Total,1998,23,5-9,1661
23168,Total,1998,23,50-54,386
23168,Total,1998,23,55-59,305
23168,Total,1998,23,60-64,278
23168,Total,1998,23,65-69,235
23168,Total,1998,23,70-74,181
23168,Total,1998,23,75-79,165
23168,Total,1998,23,80-above,145
23168,Total,1999,23,0-4,1754
23168,Total,1999,23,10-14,1492
23168,Total,1999,23,15-19,1294
23168,Total,1999,23,20-24,1159
23168,Total,1999,23,25-29,1024
23168,Total,1999,23,30-34,923
23168,Total,1999,23,35-39,794
23168,Total,1999,23,40-44,644
23168,Total,1999,23,45-49,515
23168,Total,1999,23,5-9,1636
23168,Total,1999,23,50-54,418
23168,Total,1999,23,55-59,320
23168,Total,1999,23,60-64,298
23168,Total,1999,23,65-69,255
23168,Total,1999,23,70-74,192
23168,Total,1999,23,75-79,168
23168,Total,1999,23,80-above,161
23168,Total,2000,23,0-4,1697
23168,Total,2000,23,10-14,1491
23168,Total,2000,23,15-19,1294
23168,Total,2000,23,20-24,1157
23168,Total,2000,23,25-29,1009
23168,Total,2000,23,30-34,917
23168,Total,2000,23,35-39,810
23168,Total,2000,23,40-44,672
23168,Total,2000,23,45-49,548
23168,Total,2000,23,5-9,1599
23168,Total,2000,23,50-54,448
23168,Total,2000,23,55-59,343
23168,Total,2000,23,60-64,315
23168,Total,2000,23,65-69,278
23168,Total,2000,23,70-74,209
23168,Total,2000,23,75-79,174
23168,Total,2000,23,80-above,175
23168,Total,2001,23,0-4,1654
23168,Total,2001,23,10-14,1477
23168,Total,2001,23,15-19,1289
23168,Total,2001,23,20-24,1149
23168,Total,2001,23,25-29,998
23168,Total,2001,23,30-34,917
23168,Total,2001,23,35-39,831
23168,Total,2001,23,40-44,701
23168,Total,2001,23,45-49,580
23168,Total,2001,23,5-9,1562
23168,Total,2001,23,50-54,478
23168,Total,2001,23,55-59,364
23168,Total,2001,23,60-64,333
23168,Total,2001,23,65-69,298
23168,Total,2001,23,70-74,223
23168,Total,2001,23,75-79,182
23168,Total,2001,23,80-above,191
23168,Total,2002,23,0-4,1617
23168,Total,2002,23,10-14,1464
23168,Total,2002,23,15-19,1284
23168,Total,2002,23,20-24,1140
23168,Total,2002,23,25-29,989
23168,Total,2002,23,30-34,916
23168,Total,2002,23,35-39,849
23168,Total,2002,23,40-44,733
23168,Total,2002,23,45-49,614
23168,Total,2002,23,5-9,1518
23168,Total,2002,23,50-54,507
23168,Total,2002,23,55-59,388
23168,Total,2002,23,60-64,347
23168,Total,2002,23,65-69,319
23168,Total,2002,23,70-74,239
23168,Total,2002,23,75-79,187
23168,Total,2002,23,80-above,207
23168,Total,2003,23,0-4,1580
23168,Total,2003,23,10-14,1449
23168,Total,2003,23,15-19,1280
23168,Total,2003,23,20-24,1131
23168,Total,2003,23,25-29,984
23168,Total,2003,23,30-34,913
23168,Total,2003,23,35-39,868
23168,Total,2003,23,40-44,767
23168,Total,2003,23,45-49,648
23168,Total,2003,23,5-9,1471
23168,Total,2003,23,50-54,534
23168,Total,2003,23,55-59,414
23168,Total,2003,23,60-64,365
23168,Total,2003,23,65-69,338
23168,Total,2003,23,70-74,258
23168,Total,2003,23,75-79,193
23168,Total,2003,23,80-above,221
23168,Total,2004,23,0-4,1555
23168,Total,2004,23,10-14,1433
23168,Total,2004,23,15-19,1276
23168,Total,2004,23,20-24,1124
23168,Total,2004,23,25-29,978
23168,Total,2004,23,30-34,912
23168,Total,2004,23,35-39,885
23168,Total,2004,23,40-44,798
23168,Total,2004,23,45-49,685
23168,Total,2004,23,5-9,1421
23168,Total,2004,23,50-54,568
23168,Total,2004,23,55-59,443
23168,Total,2004,23,60-64,380
23168,Total,2004,23,65-69,357
23168,Total,2004,23,70-74,273
23168,Total,2004,23,75-79,196
23168,Total,2004,23,80-above,236
23168,Total,2005,23,0-4,1543
23168,Total,2005,23,10-14,1418
23168,Total,2005,23,15-19,1277
23168,Total,2005,23,20-24,1121
23168,Total,2005,23,25-29,974
23168,Total,2005,23,30-34,915
23168,Total,2005,23,35-39,899
23168,Total,2005,23,40-44,827
23168,Total,2005,23,45-49,716
23168,Total,2005,23,5-9,1379
23168,Total,2005,23,50-54,596
23168,Total,2005,23,55-59,464
23168,Total,2005,23,60-64,396
23168,Total,2005,23,65-69,373
23168,Total,2005,23,70-74,290
23168,Total,2005,23,75-79,201
23168,Total,2005,23,80-above,250
23168,Total,2006,23,0-4,1553
23168,Total,2006,23,10-14,1407
23168,Total,2006,23,15-19,1297
23168,Total,2006,23,20-24,1136
23168,Total,2006,23,25-29,984
23168,Total,2006,23,30-34,914
23168,Total,2006,23,35-39,898
23168,Total,2006,23,40-44,843
23168,Total,2006,23,45-49,734
23168,Total,2006,23,5-9,1383
23168,Total,2006,23,50-54,620
23168,Total,2006,23,55-59,485
23168,Total,2006,23,60-64,402
23168,Total,2006,23,65-69,374
23168,Total,2006,23,70-74,302
23168,Total,2006,23,75-79,190
23168,Total,2006,23,80-above,251
23168,Total,2007,23,0-4,1555
23168,Total,2007,23,10-14,1388
23168,Total,2007,23,15-19,1319
23168,Total,2007,23,20-24,1153
23168,Total,2007,23,25-29,997
23168,Total,2007,23,30-34,913
23168,Total,2007,23,35-39,891
23168,Total,2007,23,40-44,857
23168,Total,2007,23,45-49,751
23168,Total,2007,23,5-9,1394
23168,Total,2007,23,50-54,640
23168,Total,2007,23,55-59,508
23168,Total,2007,23,60-64,407
23168,Total,2007,23,65-69,369
23168,Total,2007,23,70-74,313
23168,Total,2007,23,75-79,188
23168,Total,2007,23,80-above,257
23168,Total,2008,23,0-4,1552
23168,Total,2008,23,10-14,1363
23168,Total,2008,23,15-19,1332
23168,Total,2008,23,20-24,1168
23168,Total,2008,23,25-29,1012
23168,Total,2008,23,30-34,909
23168,Total,2008,23,35-39,879
23168,Total,2008,23,40-44,864
23168,Total,2008,23,45-49,767
23168,Total,2008,23,5-9,1422
23168,Total,2008,23,50-54,661
23168,Total,2008,23,55-59,533
23168,Total,2008,23,60-64,418
23168,Total,2008,23,65-69,366
23168,Total,2008,23,70-74,324
23168,Total,2008,23,75-79,199
23168,Total,2008,23,80-above,262
23168,Total,2009,23,0-4,1538
23168,Total,2009,23,10-14,1342
23168,Total,2009,23,15-19,1340
23168,Total,2009,23,20-24,1182
23168,Total,2009,23,25-29,1032
23168,Total,2009,23,30-34,910
23168,Total,2009,23,35-39,873
23168,Total,2009,23,40-44,873
23168,Total,2009,23,45-49,785
23168,Total,2009,23,5-9,1454
23168,Total,2009,23,50-54,679
23168,Total,2009,23,55-59,558
23168,Total,2009,23,60-64,430
23168,Total,2009,23,65-69,366
23168,Total,2009,23,70-74,331
23168,Total,2009,23,75-79,216
23168,Total,2009,23,80-above,269
23168,Total,2010,23,0-4,1504
23168,Total,2010,23,10-14,1337
23168,Total,2010,23,15-19,1341
23168,Total,2010,23,20-24,1194
23168,Total,2010,23,25-29,1047
23168,Total,2010,23,30-34,920
23168,Total,2010,23,35-39,870
23168,Total,2010,23,40-44,876
23168,Total,2010,23,45-49,802
23168,Total,2010,23,5-9,1490
23168,Total,2010,23,50-54,698
23168,Total,2010,23,55-59,583
23168,Total,2010,23,60-64,446
23168,Total,2010,23,65-69,369
23168,Total,2010,23,70-74,334
23168,Total,2010,23,75-79,240
23168,Total,2010,23,80-above,275
23168,Total,2011,23,0-4,1493
23168,Total,2011,23,10-14,1345
23168,Total,2011,23,15-19,1334
23168,Total,2011,23,20-24,1209
23168,Total,2011,23,25-29,1062
23168,Total,2011,23,30-34,929
23168,Total,2011,23,35-39,871
23168,Total,2011,23,40-44,870
23168,Total,2011,23,45-49,818
23168,Total,2011,23,5-9,1499
23168,Total,2011,23,50-54,715
23168,Total,2011,23,55-59,607
23168,Total,2011,23,60-64,465
23168,Total,2011,23,65-69,373
23168,Total,2011,23,70-74,328
23168,Total,2011,23,75-79,254
23168,Total,2011,23,80-above,284
23168,Total,2012,23,0-4,1482
23168,Total,2012,23,10-14,1365
23168,Total,2012,23,15-19,1317
23168,Total,2012,23,20-24,1223
23168,Total,2012,23,25-29,1073
23168,Total,2012,23,30-34,946
23168,Total,2012,23,35-39,870
23168,Total,2012,23,40-44,867
23168,Total,2012,23,45-49,833
23168,Total,2012,23,5-9,1505
23168,Total,2012,23,50-54,736
23168,Total,2012,23,55-59,628
23168,Total,2012,23,60-64,491
23168,Total,2012,23,65-69,382
23168,Total,2012,23,70-74,325
23168,Total,2012,23,75-79,268
23168,Total,2012,23,80-above,290
23168,Total,2013,23,0-4,1472
23168,Total,2013,23,10-14,1391
23168,Total,2013,23,15-19,1302
23168,Total,2013,23,20-24,1238
23168,Total,2013,23,25-29,1083
23168,Total,2013,23,30-34,959
23168,Total,2013,23,35-39,875
23168,Total,2013,23,40-44,862
23168,Total,2013,23,45-49,846
23168,Total,2013,23,5-9,1503
23168,Total,2013,23,50-54,754
23168,Total,2013,23,55-59,649
23168,Total,2013,23,60-64,515
23168,Total,2013,23,65-69,394
23168,Total,2013,23,70-74,323
23168,Total,2013,23,75-79,276
23168,Total,2013,23,80-above,300
23168,Total,2014,23,0-4,1465
23168,Total,2014,23,10-14,1421
23168,Total,2014,23,15-19,1291
23168,Total,2014,23,20-24,1246
23168,Total,2014,23,25-29,1092
23168,Total,2014,23,30-34,976
23168,Total,2014,23,35-39,884
23168,Total,2014,23,40-44,859
23168,Total,2014,23,45-49,856
23168,Total,2014,23,5-9,1494
23168,Total,2014,23,50-54,774
23168,Total,2014,23,55-59,670
23168,Total,2014,23,60-64,541
23168,Total,2014,23,65-69,405
23168,Total,2014,23,70-74,327
23168,Total,2014,23,75-79,279
23168,Total,2014,23,80-above,306
23168,Total,2015,23,0-4,1459
23168,Total,2015,23,10-14,1457
23168,Total,2015,23,15-19,1292
23168,Total,2015,23,20-24,1250
23168,Total,2015,23,25-29,1101
23168,Total,2015,23,30-34,989
23168,Total,2015,23,35-39,892
23168,Total,2015,23,40-44,856
23168,Total,2015,23,45-49,859
23168,Total,2015,23,5-9,1465
23168,Total,2015,23,50-54,791
23168,Total,2015,23,55-59,691
23168,Total,2015,23,60-64,570
23168,Total,2015,23,65-69,421
23168,Total,2015,23,70-74,333
23168,Total,2015,23,75-79,278
23168,Total,2015,23,80-above,314
23168,Total,2016,23,0-4,1460
23168,Total,2016,23,10-14,1464
23168,Total,2016,23,15-19,1304
23168,Total,2016,23,20-24,1252
23168,Total,2016,23,25-29,1116
23168,Total,2016,23,30-34,999
23168,Total,2016,23,35-39,901
23168,Total,2016,23,40-44,856
23168,Total,2016,23,45-49,856
23168,Total,2016,23,5-9,1459
23168,Total,2016,23,50-54,807
23168,Total,2016,23,55-59,712
23168,Total,2016,23,60-64,592
23168,Total,2016,23,65-69,441
23168,Total,2016,23,70-74,340
23168,Total,2016,23,75-79,283
23168,Total,2016,23,80-above,323
23168,Total,2017,23,0-4,1455
23168,Total,2017,23,10-14,1469
23168,Total,2017,23,15-19,1320
23168,Total,2017,23,20-24,1245
23168,Total,2017,23,25-29,1132
23168,Total,2017,23,30-34,1009
23168,Total,2017,23,35-39,914
23168,Total,2017,23,40-44,859
23168,Total,2017,23,45-49,855
23168,Total,2017,23,5-9,1456
23168,Total,2017,23,50-54,822
23168,Total,2017,23,55-59,729
23168,Total,2017,23,60-64,614
23168,Total,2017,23,65-69,464
23168,Total,2017,23,70-74,348
23168,Total,2017,23,75-79,283
23168,Total,2017,23,80-above,330
23168,Total,2018,23,0-4,1452
23168,Total,2018,23,10-14,1468
23168,Total,2018,23,15-19,1341
23168,Total,2018,23,20-24,1237
23168,Total,2018,23,25-29,1151
23168,Total,2018,23,30-34,1018
23168,Total,2018,23,35-39,925
23168,Total,2018,23,40-44,867
23168,Total,2018,23,45-49,847
23168,Total,2018,23,5-9,1446
23168,Total,2018,23,50-54,838
23168,Total,2018,23,55-59,747
23168,Total,2018,23,60-64,634
23168,Total,2018,23,65-69,490
23168,Total,2018,23,70-74,359
23168,Total,2018,23,75-79,279
23168,Total,2018,23,80-above,339
23168,Total,2019,23,0-4,1444
23168,Total,2019,23,10-14,1459
23168,Total,2019,23,15-19,1366
23168,Total,2019,23,20-24,1230
23168,Total,2019,23,25-29,1167
23168,Total,2019,23,30-34,1033
23168,Total,2019,23,35-39,937
23168,Total,2019,23,40-44,875
23168,Total,2019,23,45-49,844
23168,Total,2019,23,5-9,1440
23168,Total,2019,23,50-54,847
23168,Total,2019,23,55-59,768
23168,Total,2019,23,60-64,655
23168,Total,2019,23,65-69,514
23168,Total,2019,23,70-74,370
23168,Total,2019,23,75-79,273
23168,Total,2019,23,80-above,349
23168,Total,2020,23,0-4,1438
23168,Total,2020,23,10-14,1431
23168,Total,2020,23,15-19,1397
23168,Total,2020,23,20-24,1227
23168,Total,2020,23,25-29,1177
23168,Total,2020,23,30-34,1049
23168,Total,2020,23,35-39,951
23168,Total,2020,23,40-44,880
23168,Total,2020,23,45-49,840
23168,Total,2020,23,5-9,1431
23168,Total,2020,23,50-54,849
23168,Total,2020,23,55-59,783
23168,Total,2020,23,60-64,674
23168,Total,2020,23,65-69,535
23168,Total,2020,23,70-74,383
23168,Total,2020,23,75-79,278
23168,Total,2020,23,80-above,356
